"V1","V2"
"E8.5_CPC_p2_069",-2.20022534304585,17.3201373370298
"E8.5_CPC_p2_266",-5.75374485076829,11.5106785605038
"E8.5_CPC_p2_123",-25.8887169817217,-18.3927178485768
"E8.5_CPC_p2_167",29.8154536700862,25.1351638380835
"E8.5_CPC_p2_056",-4.64818706556254,-21.2355313099153
"E8.5_CPC_p2_070",-7.08087847223329,0.155430944306155
"E8.5_CPC_p2_325",4.37759073056281,19.0311667573363
"E8.5_CPC_p2_300",-15.2143902596032,-23.9733240785295
"E8.5_CPC_p2_209",26.893341874448,18.3573892810558
"E8.5_CPC_p2_287",-14.6240277824772,10.5510409638269
"E8.5_CPC_p2_226",-5.59465435630061,2.37175308210022
"E8.5_CPC_p2_196",25.1359688846687,17.6664531820141
"E8.5_CPC_p2_299",-11.4460063053254,14.5493315612485
"E8.5_CPC_p2_277",1.14224033158088,18.4843185382749
"E8.5_CPC_p2_073",-3.97074112088771,19.0061674883714
"E8.5_CPC_p2_151",-21.9077215273007,-17.5780227237015
"E8.5_CPC_p2_080",-13.5222171547763,-18.0210562313389
"E8.5_CPC_p2_143",17.1032638490778,14.6265859488231
"E8.5_CPC_p2_281",3.58136085639526,16.7555796461144
"E8.5_CPC_p2_053",-11.5832797111929,-18.2758921594507
"E8.5_CPC_p2_379",43.0812928666762,3.14123380648933
"E8.5_CPC_p2_093",-32.9376094819097,-5.28569192940587
"E8.5_CPC_p2_104",-6.94446633641298,17.3316007740848
"E8.5_CPC_p2_045",48.6042291385737,3.64825069985236
"E8.5_CPC_p2_318",-15.4342351344682,-32.8941603181204
"E8.5_CPC_p2_013",20.1616360669151,22.6037612930636
"E8.5_CPC_p2_267",-29.1503445716314,-16.094624706275
"E8.5_CPC_p2_270",-16.3144793885642,-34.3930999465504
"E8.5_CPC_p2_035",-33.5596706876843,-4.70107520157458
"E8.5_CPC_p2_227",-3.5140382507927,-32.4570342985963
"E8.5_CPC_p2_313",-12.1651683580555,-37.5851765962415
"E8.5_CPC_p2_260",20.8932580379955,20.5320157435344
"E8.5_CPC_p2_075",-23.1199263394944,-15.96988965954
"E8.5_CPC_p2_038",-13.0093414207654,25.5086710158337
"E8.5_CPC_p2_164",10.6643005640927,21.6667568518146
"E8.5_CPC_p2_122",2.77529865167664,16.0391748788412
"E8.5_CPC_p2_207",-34.1305639208963,-5.71183411984704
"E8.5_CPC_p2_145",-8.75428064222825,15.4886390590496
"E8.5_CPC_p2_065",-8.78438879764013,3.45446970678082
"E8.5_CPC_p2_321",-12.5030428672899,9.71004018599769
"E8.5_CPC_p2_091",47.3767810852051,6.75241360131287
"E8.5_CPC_p2_374",9.98887772072255,23.8511731022352
"E8.5_CPC_p2_263",-7.35009890587901,14.9474071764126
"E8.5_CPC_p2_368",-22.317117375492,-22.2971748842394
"E8.5_CPC_p2_042",-9.377666913562,21.881768545714
"E8.5_CPC_p2_229",26.2351425278645,22.9632333582943
"E8.5_CPC_p2_333",21.8003849144757,29.3897982052959
"E8.5_CPC_p2_189",9.52490292592613,20.0411505207409
"E8.5_CPC_p2_161",-17.3857370763509,8.53744580617778
"E8.5_CPC_p2_237",3.511556108211,15.4994790846213
"E8.5_CPC_p2_124",-12.4572228971355,10.5702986663529
"E8.5_CPC_p2_297",19.1193545132908,23.3731511928593
"E8.5_CPC_p2_022",-6.4707149033001,12.720402149173
"E8.5_CPC_p2_279",0.91458013044507,-33.3291289949341
"E8.5_CPC_p2_316",-6.81319662864341,-37.3134539173202
"E8.5_CPC_p2_319",-6.74596761399126,-29.1122599554064
"E8.5_CPC_p2_285",-8.92150504046067,-26.7305449480818
"E8.5_CPC_p2_020",12.5945831732957,22.0467955613401
"E8.5_CPC_p2_187",-21.6000266610232,-14.4898722506879
"E8.5_CPC_p2_060",-13.2033180689283,-18.7229912487076
"E8.5_CPC_p2_203",-5.96219738281167,-32.4035154887486
"E8.5_CPC_p2_009",31.158233820385,17.8134543332398
"E8.5_CPC_p2_017",-16.9532649197398,-17.402568859393
"E8.5_CPC_p2_349",29.1319582985466,20.8120297030094
"E8.5_CPC_p2_291",34.3935103838223,6.49099275909652
"E8.5_CPC_p2_010",-9.81994363597504,11.2579842145153
"E8.5_CPC_p2_351",-6.2550594002119,15.0170110196192
"E8.5_CPC_p2_265",7.36937944581174,16.796420348285
"E8.5_CPC_p2_072",-19.0224728510526,16.1209692479061
"E8.5_CPC_p2_089",28.7969097181498,18.4675600920067
"E8.5_CPC_p2_305",-9.6926313364254,6.06522789799756
"E8.5_CPC_p2_283",-15.2954951125909,15.9752074350559
"E8.5_CPC_p2_094",21.1199597114148,18.9944813472512
"E8.5_CPC_p2_050",-8.8671809550702,10.9540993519657
"E8.5_CPC_p2_171",16.207041224112,25.8348995880165
"E8.5_CPC_p2_079",41.4056681431659,3.87335420338286
"E8.5_CPC_p2_016",-7.04117170990316,-32.9915939817476
"E8.5_CPC_p2_008",-13.47852481057,-37.0029326993728
"E8.5_CPC_p2_001",40.9652999499872,11.5413809519567
"E8.5_CPC_p2_129",25.4351920401467,16.772862617308
"E8.5_CPC_p2_248",32.2253660963304,11.8396506551471
"E8.5_CPC_p2_381",25.6661248092744,29.0592279688501
"E8.5_CPC_p2_172",23.6689026271047,30.3425901480329
"E8.5_CPC_p2_259",-19.9740121424592,-20.5109640127749
"E8.5_CPC_p2_274",3.8597968250305,21.2208239726027
"E8.5_CPC_p2_221",-14.3485516369032,-22.0412741704474
"E8.5_CPC_p2_183",-29.4940640644807,-14.8150332757588
"E8.5_CPC_p2_280",-3.19154626061383,19.8717946735466
"E8.5_CPC_p2_162",-23.7327258876286,-14.1158885361071
"E8.5_CPC_p2_359",-0.854159794877921,-31.2820442647496
"E8.5_CPC_p2_290",-16.9782560590942,13.1617812197062
"E8.5_CPC_p2_247",24.1324353491472,26.346789228674
"E8.5_CPC_p2_087",-13.8765890136622,25.7544893835858
"E8.5_CPC_p2_245",-5.46137922142732,16.4409454046713
"E8.5_CPC_p2_200",-12.2794702024369,16.0908943584631
"E8.5_CPC_p2_370",-13.5498106116834,-25.4320838910239
"E8.5_CPC_p2_096",-17.2418664095766,10.1314388171003
"E8.5_CPC_p2_197",-6.69625281706426,15.5426905892919
"E8.5_CPC_p2_105",26.1802057544791,20.8326146541905
"E8.5_CPC_p2_382",-27.4920837112072,-13.6153588758659
"E8.5_CPC_p2_271",-34.7517584837964,-5.39579307523502
"E8.5_CPC_p2_276",-28.5292235377671,-13.5279587513047
"E8.5_CPC_p2_201",-11.0189495946015,16.4454170321102
"E8.5_CPC_p2_345",-0.819284017968558,17.6547122581828
"E8.5_CPC_p2_269",25.285964701011,25.9414872087544
"E8.5_CPC_p2_163",27.8247881737086,26.9065730162806
"E8.5_CPC_p2_150",44.067504556074,1.36011639916298
"E8.5_CPC_p2_132",-12.6030936178999,-20.4918421271269
"E8.5_CPC_p2_144",-3.71664135694618,-38.0409833040037
"E8.5_CPC_p2_101",-7.57503346520172,11.7336644444503
"E8.5_CPC_p2_107",-17.7024948106241,20.6931610586515
"E8.5_CPC_p2_193",-13.1919510608282,16.0271395620457
"E8.5_CPC_p2_083",-18.7288615240139,-32.7433644339815
"E8.5_CPC_p2_182",-21.6164132017415,-16.1360056241311
"E8.5_CPC_p2_328",-21.1418571273831,-18.6769882805499
"E8.5_CPC_p2_202",18.625829054876,23.5327649844956
"E8.5_CPC_p2_012",-16.9084978431685,-22.6524862938273
"E8.5_CPC_p2_352",-13.3827166695613,24.8350691565767
"E8.5_CPC_p2_051",-19.0871700240098,-9.49274902105691
"E8.5_CPC_p2_125",-0.698370619125824,-22.6421727758153
"E8.5_CPC_p2_014",-1.31750573490821,-31.0997845112431
"E8.5_CPC_p2_057",-9.38473244447805,14.5726337677213
"E8.5_CPC_p2_353",-22.6643186350093,-14.6368324626493
"E8.5_CPC_p2_028",0.942426370906008,0.467442129185117
"E8.5_CPC_p2_138",-2.12778717754812,-36.5116158120478
"E8.5_CPC_p2_301",11.0375855318186,17.6732163157678
"E8.5_CPC_p2_078",-14.688886175067,-17.2070441558004
"E8.5_CPC_p2_157",-4.42321184346429,-37.571315406452
"E8.5_CPC_p2_254",-4.08544435164074,-28.2664820627074
"E8.5_CPC_p2_242",-20.5731938164899,-21.9075405120396
"E8.5_CPC_p2_330",23.690876074135,24.5310039199135
"E8.5_CPC_p2_184",-6.93666434430559,11.5948512531154
"E8.5_CPC_p2_126",38.2706351428258,1.61111368301123
"E8.5_CPC_p2_118",-3.76296832415846,-23.8029010873178
"E8.5_CPC_p2_174",-7.92363683718432,15.7036961020429
"E8.5_CPC_p2_356",-19.6234257049596,-17.5523418637483
"E8.5_CPC_p2_061",26.7056300903562,17.2687200813141
"E8.5_CPC_p2_191",-15.7237496355492,-26.8319789307721
"E8.5_CPC_p2_268",-7.31851984723368,13.8264379430982
"E8.5_CPC_p2_071",-13.2748414266913,-28.8427517177861
"E8.5_CPC_p2_111",24.7789797587425,22.031056678254
"E8.5_CPC_p2_304",-3.24825113448906,21.8975745210807
"E8.5_CPC_p2_231",2.05231080869583,17.1565679395139
"E8.5_CPC_p2_378",5.39954031292221,19.0338149061182
"E8.5_CPC_p2_095",-3.9643857571312,15.7679056477754
"E8.5_CPC_p2_152",-7.76957141710173,-31.7433935803214
"E8.5_CPC_p2_137",11.1412182839019,22.7686800463212
"E8.5_CPC_p2_343",1.25894663003037,-31.0627119646527
"E8.5_CPC_p2_175",-8.86293753951581,-30.661968156541
"E8.5_CPC_p2_205",24.4627998366947,28.6751626869693
"E8.5_CPC_p2_127",-5.21636769215905,-35.6903416651161
"E8.5_CPC_p2_031",23.7218579871786,17.4662591184072
"E8.5_CPC_p2_298",-9.20690858821936,-29.8974069025619
"E8.5_CPC_p2_128",-9.16959648323243,4.45864806969583
"E8.5_CPC_p2_021",-11.4001760277249,-37.0591233982067
"E8.5_CPC_p2_350",-24.6415867607217,-20.7316858849277
"E8.5_CPC_p2_292",-5.40839655431752,-38.5123797653492
"E8.5_CPC_p2_099",20.0196300662012,17.2179431923586
"E8.5_CPC_p2_192",17.9352910832477,19.3287557779239
"E8.5_CPC_p2_360",-13.9876922904897,21.2325529824343
"E8.5_CPC_p2_223",8.66687307341144,22.5125512547488
"E8.5_CPC_p2_141",2.87393290980839,17.3462934303105
"E8.5_CPC_p2_134",-12.0705729738131,25.3400601199148
"E8.5_CPC_p2_074",-3.68084316318501,-22.0474969221561
"E8.5_CPC_p2_136",-13.6246652243258,-4.76725360444711
"E8.5_CPC_p2_002",16.8194542767226,25.0833820015618
"E8.5_CPC_p2_005",-13.9093091761557,-34.9792658909877
"E8.5_CPC_p2_235",11.3214861677937,25.8175495497175
"E8.5_CPC_p2_113",-17.2938997413488,-35.0567548264051
"E8.5_CPC_p2_188",-13.9252807655694,-33.3237597094942
"E8.5_CPC_p2_224",20.4635446665003,25.1482535540798
"E8.5_CPC_p2_146",22.7694531390597,18.4050842103368
"E8.5_CPC_p2_210",-7.57111106920373,2.12421635655747
"E8.5_CPC_p2_342",-2.07120420557303,12.5978455392161
"E8.5_CPC_p2_336",-28.4934897735337,-12.9078285138775
"E8.5_CPC_p2_206",27.5285394438675,29.1716168163347
"E8.5_CPC_p2_366",-19.4916022283959,-12.0294274854342
"E8.5_CPC_p2_004",-3.57019897870814,-33.7239716098942
"E8.5_CPC_p2_334",-14.1177154002606,-27.7281661740379
"E8.5_CPC_p2_230",-16.9414054942081,4.41766926374879
"E8.5_CPC_p2_355",26.2138434786716,28.5730437450209
"E8.5_CPC_p2_076",41.3768776717811,15.3929333727795
"E8.5_CPC_p2_262",-17.4922064265432,-32.2425597734204
"E8.5_CPC_p2_048",4.12970043408703,14.7533768603151
"E8.5_CPC_p2_097",-18.53693171783,10.7158749342849
"E8.5_CPC_p2_140",27.4692469375751,21.7527794995671
"E8.5_CPC_p2_312",0.242341049721114,-28.8895468651623
"E8.5_CPC_p2_234",32.5777894272869,25.2780214594276
"E8.5_CPC_p2_337",-7.39842766615585,-25.576967594993
"E8.5_CPC_p2_212",10.7235102380923,23.9553652118254
"E8.5_CPC_p2_225",28.3149913771323,23.9105940130092
"E8.5_CPC_p2_003",-5.71717197802922,19.7088084017837
"E8.5_CPC_p2_166",-17.1359731277379,-34.1043383033845
"E8.5_CPC_p2_154",-9.61352340929192,22.2491412377226
"E8.5_CPC_p2_367",-1.40245377490081,-38.1585953395173
"E8.5_CPC_p2_032",-8.53487280974085,-32.3261016646906
"E8.5_CPC_p2_052",-16.6080565188961,-19.2271128228998
"E8.5_CPC_p2_120",-18.8050034643782,-14.1726105347064
"E8.5_CPC_p2_220",43.331675748455,10.5661277317691
"E8.5_CPC_p2_119",41.07916319806,1.50221044603158
"E8.5_CPC_p2_149",-12.3005044350271,-32.7478497794884
"E8.5_CPC_p2_344",-10.1267882122392,-35.1967167606812
"E8.5_CPC_p2_108",0.653097969730398,18.0825596899457
"E8.5_CPC_p2_308",-12.6811361353009,-18.705558595643
"E8.5_CPC_p2_284",-10.638006272006,22.3597754618576
"E8.5_CPC_p2_088",-8.44623314646105,-29.8116743508704
"E8.5_CPC_p2_296",-3.6367699848636,-34.8986429597686
"E8.5_CPC_p2_217",-1.47634098912111,17.2115377738625
"E8.5_CPC_p2_256",-16.7546446325708,-33.2892541849462
"E8.5_CPC_p2_033",19.8524544571308,21.3792353391478
"E8.5_CPC_p2_251",8.65817360463161,21.1646670450165
"E8.5_CPC_p2_112",31.0941231744484,23.2822292804053
"E8.5_CPC_p2_029",-31.9021798447297,-5.48691691341967
"E8.5_CPC_p2_158",42.7663711292726,4.21931103359546
"E8.5_CPC_p2_244",-9.03445605476466,16.9417233535546
"E8.5_CPC_p2_288",-8.76099796476889,18.8201237329058
"E8.5_CPC_p2_130",-2.89166411890631,18.9194325160861
"E8.5_CPC_p2_238",37.9530703724222,8.16899484181573
"E8.5_CPC_p2_199",6.11853905337869,16.5954275783126
"E8.5_CPC_p2_246",27.1182869278518,23.8888979887791
"E8.5_CPC_p2_257",-0.256149008810342,14.566865164057
"E8.5_CPC_p2_258",-11.3138317492145,-34.5577755310488
"E8.5_CPC_p2_383",45.9412826120353,4.6471505265495
"E8.5_CPC_p2_315",26.1414228718283,30.1053743316072
"E8.5_CPC_p2_106",-19.2219891593724,-19.1964756445507
"E8.5_CPC_p2_323",-10.1517725376905,15.5844234657604
"E8.5_CPC_p2_213",-24.0291398732052,-16.1227521701778
"E8.5_CPC_p2_293",-13.037681702701,-25.3439883242709
"E8.5_CPC_p2_289",-8.73681894711367,-29.2020979185471
"E8.5_CPC_p2_180",-5.00329153595878,-39.2685873500888
"E8.5_CPC_p2_135",-20.8098042066188,-14.3964885355359
"E8.5_CPC_p2_156",-4.02704356769034,-27.3764757209514
"E8.5_CPC_p2_198",-13.3592176319892,-33.3907910962406
"E8.5_CPC_p2_068",32.5754616544664,11.440575293605
"E8.5_CPC_p2_314",24.04048720273,23.257937770034
"E8.5_CPC_p2_364",-10.5550709993643,-36.4750481764088
"E8.5_CPC_p2_015",31.5596785498614,24.0901224156615
"E8.5_CPC_p2_347",-3.85796451003488,-35.2488857698542
"E8.5_CPC_p2_348",-14.0821179058556,-23.3804500889095
"E8.5_CPC_p2_037",-12.3560979324397,-15.8271505675244
"E8.5_CPC_p2_329",34.8946404974052,6.09516344724539
"E8.5_CPC_p2_377",-3.28465179139221,-31.6539824019507
"E8.5_CPC_p2_036",-18.2239364599222,-18.4526688941963
"E8.5_CPC_p2_332",-1.72548869429938,-23.5814615859321
"E8.5_CPC_p2_194",15.6650507960863,25.7668649670809
"E8.5_CPC_p2_077",-15.8563878042444,-33.841513038323
"E8.5_CPC_p2_232",-10.1855905611516,-31.3149739546219
"E8.5_CPC_p2_049",10.028761930778,22.5553179039086
"E8.5_CPC_p2_027",-2.26904732118437,14.7009146273586
"E8.5_CPC_p2_179",-16.4132998318817,22.7277281453001
"E8.5_CPC_p2_369",-10.9531991259859,-32.8207280506272
"E8.5_CPC_p2_110",20.5273598002691,27.3561535978299
"E8.5_CPC_p2_100",-9.3556411145043,15.8343997281215
"E8.5_CPC_p2_190",-3.38810874216687,13.1728039897659
"E8.5_CPC_p2_040",-35.9385480029329,-5.86398791800759
"E8.5_CPC_p2_153",4.57979039956113,16.60767786963
"E8.5_CPC_p2_261",-15.1760358028685,8.25456501836264
"E8.5_CPC_p2_253",-6.67512747264172,-38.0987980910032
"E8.5_CPC_p2_233",-1.41002004507127,-39.6802276538479
"E8.5_CPC_p2_322",26.6397531366631,16.4825637779737
"E8.5_CPC_p2_222",37.8902262580855,4.86267822874732
"E8.5_CPC_p2_098",-11.4942851000427,5.18790030220778
"E8.5_CPC_p2_115",19.8100803858172,15.8975734617565
"E8.5_CPC_p2_025",-18.7014424852905,12.5814011432921
"E8.5_CPC_p2_165",-22.8883374481235,-17.9465876814062
"E8.5_CPC_p2_160",-3.45437891540413,22.413956450017
"E8.5_CPC_p2_331",39.9919198863665,2.92109501179631
"E8.5_CPC_p2_335",22.8681610802302,26.4811913311906
"E8.5_CPC_p2_082",27.1812846974156,20.7467703477294
"E8.5_CPC_p2_215",0.680311843281863,15.5487010168553
"E8.5_CPC_p2_024",-6.39531390023388,19.4053163296774
"E8.5_CPC_p2_059",-13.6110112594025,-37.9410893536636
"E8.5_CPC_p2_365",-17.330292927523,20.016539786543
"E8.5_CPC_p2_357",32.5008702660211,24.0036244695624
"E8.5_CPC_p2_346",-3.33904172688505,17.1227646402983
"E8.5_CPC_p2_317",25.483526640628,21.1566669790869
"E8.5_CPC_p2_019",13.196024217095,26.4181442401137
"E8.5_CPC_p2_173",-17.0807072577621,-30.6260818426876
"E8.5_CPC_p2_178",-18.9887878591492,6.9024399007331
"E8.5_CPC_p2_272",0.110734915987549,-29.7529279832872
"E8.5_CPC_p2_062",-11.00549980007,11.5500770023276
"E8.5_CPC_p2_324",-19.9115088275378,15.9929495210559
"E8.5_CPC_p2_219",-13.6358334487307,-36.6698844984663
"E8.5_CPC_p2_023",-21.6526176938608,-12.7387143852747
"E8.5_CPC_p2_011",6.04315231945759,22.9662496472687
"E8.5_CPC_p2_295",-3.60193853016733,-18.5569121509037
"E8.5_CPC_p2_169",-14.3223946961719,17.9111425809994
"E8.5_CPC_p2_155",-3.09584229108012,12.3228262302975
"E8.5_CPC_p2_030",46.3760129476205,9.15503629379565
"E8.5_CPC_p2_371",-12.7035015319398,-23.7064574779118
"E8.5_CPC_p2_044",-17.7628602699277,-34.234390356817
"E8.5_CPC_p2_185",-7.40152939235351,-28.7131746307689
"E8.5_CPC_p2_067",-28.2024265153597,-14.9274147880109
"E8.5_CPC_p2_218",18.7350395277864,20.9777459530466
"E8.5_CPC_p2_278",-3.37679471342874,10.9814558992654
"E8.5_CPC_p2_043",-16.5490538730315,9.7061601618818
"E8.5_CPC_p2_063",-2.79957456631742,-32.5140706107223
"E8.5_CPC_p2_241",-10.6249836667601,-6.4453443177847
"E8.5_CPC_p2_211",-7.60059506477146,-33.4724884960217
"E8.5_CPC_p2_176",-16.5071626524167,-23.0878665264284
"E8.5_CPC_p2_204",0.803976129158749,16.6896290692377
"E8.5_CPC_p2_375",-23.785265137172,-17.998412583522
"E8.5_CPC_p2_054",-12.7445015503151,27.1457851881245
"E8.5_CPC_p2_058",-14.2765887906946,-27.9636526940659
"E8.5_CPC_p2_170",24.8200409440958,26.646819355804
"E8.5_CPC_p2_168",-19.7327048136819,-10.3385802944564
"E8.5_CPC_p2_310",-8.27677152863684,-36.0527428468479
"E8.5_CPC_p2_358",0.387009353379948,-28.3082067222283
"E8.5_CPC_p2_339",-19.8731678330431,-14.6906248676338
"E8.5_CPC_p2_327",-17.8608141153158,-14.9927593432597
"E8.5_CPC_p2_214",-9.34901402575733,-28.6951869825392
"E8.5_CPC_p2_282",21.649526802194,20.1384180202627
"E8.5_CPC_p2_380",-22.8543135059171,-16.9380339978936
"E8.5_CPC_p2_302",-12.0512764418273,-20.4437248361116
"E8.5_CPC_p2_275",-13.9954656656728,-24.5533303467753
"E8.5_CPC_p2_240",-34.6033789895273,-6.14698643981397
"E8.5_CPC_p2_236",21.0656104199805,23.8979628785407
"E8.5_CPC_p2_340",-8.47811756534917,8.05208862207328
"E8.5_CPC_p2_055",-19.6349378695327,14.9222143216339
"E8.5_CPC_p2_047",-13.1156821915928,9.00233256358211
"E8.5_CPC_p2_148",-4.65110660203982,15.4659730459645
"E8.5_CPC_p2_092",-13.6941960544258,-19.2418399061803
"E8.5_CPC_p2_362",21.9251368726881,26.8638622851896
"E8.5_CPC_p2_181",-5.97396667171843,13.8176988009692
"E8.5_CPC_p2_142",-15.9392013523815,11.9740831749445
"E8.5_CPC_p2_177",3.42500132529789,19.5475915121621
"E8.5_CPC_p2_159",40.7609682610693,7.41403051128693
"E8.5_CPC_p2_363",-17.8025545956614,-19.1688271017927
"E8.5_CPC_p2_064",7.79719150293629,20.6827743038688
"E8.5_CPC_p2_102",31.1544422385208,21.734349696673
"E8.5_CPC_p2_109",-12.331866080407,-28.3603609538312
"E8.5_CPC_p2_026",45.9195504774895,8.45477072154673
"E8.5_CPC_p2_086",39.1779830366327,10.149536172081
"E8.5_CPC_p2_186",-10.8008457231389,-30.5114995357264
"E8.5_CPC_p2_139",-1.42251542173987,-33.6181398363128
"E8.5_CPC_p2_326",22.1120654774461,21.1424033075928
"E8.5_CPC_p2_228",-3.00104349686877,-36.953338989736
"E8.5_CPC_p2_133",6.55396737623678,19.8449263701695
"E8.5_CPC_p2_376",-15.5161515878932,10.8609724712876
"E8.5_CPC_p2_239",23.8389239917402,28.4558190072436
"E8.5_CPC_p2_338",21.4079696797162,28.5754768829775
"E8.5_CPC_p2_294",35.3607344909296,6.43738865129475
"E8.5_CPC_p2_307",-12.5641784278942,-22.1088856633658
"E8.5_CPC_p2_252",-18.245723691541,-24.6597483328342
"E8.5_CPC_p2_131",-1.21400419610648,20.7964085863956
"E8.5_CPC_p2_085",11.5892923295198,21.3590211168362
"E8.5_CPC_p2_195",-0.464475353568192,20.3614617993023
"E8.5_CPC_p2_103",13.4741856662417,24.55764068159
"E9.5_CPC_p2_160",-42.5761632178548,-7.32891553551374
"E9.5_CPC_p2_191",-42.367175465385,-9.72956876589698
"E9.5_CPC_p2_340",24.2370891587067,18.3267440874546
"E9.5_CPC_p2_015",-9.46130093539115,-5.35031299150773
"E9.5_CPC_p2_311",-42.9364748079706,-9.08295212552526
"E9.5_CPC_p2_156",-21.7400886863891,-26.5724826857622
"E9.5_CPC_p2_223",-22.9953528571465,-19.0567289148854
"E9.5_CPC_p2_076",41.0982744242907,10.3309192609754
"E9.5_CPC_p2_363",44.5273081640111,4.22100630166945
"E9.5_CPC_p2_292",-6.75491096054889,4.46610976025193
"E9.5_CPC_p2_201",-20.1820918245762,8.00769538471549
"E9.5_CPC_p2_319",-10.1460138873488,-20.6003722094796
"E9.5_CPC_p2_261",0.58706636059199,-1.25952681361838
"E9.5_CPC_p2_141",46.4671926801878,2.22190883285283
"E9.5_CPC_p2_099",-18.1063044332542,-13.5622827980417
"E9.5_CPC_p2_002",-15.3107419252854,-22.852679666222
"E9.5_CPC_p2_378",-26.5752416680616,-13.5998792677572
"E9.5_CPC_p2_243",-14.0027605610313,-21.1851242420708
"E9.5_CPC_p2_193",-16.7976072141277,-16.6965202263089
"E9.5_CPC_p2_135",-12.2508928790648,15.027880942122
"E9.5_CPC_p2_368",-15.0362275626706,5.50922748163809
"E9.5_CPC_p2_167",38.859235717462,4.43105774325754
"E9.5_CPC_p2_171",-10.3987645632429,-25.6724030181607
"E9.5_CPC_p2_207",27.8726985561245,19.0025299911517
"E9.5_CPC_p2_212",-8.69498095273039,-33.2007100266711
"E9.5_CPC_p2_058",-13.8302753736428,5.9781058157469
"E9.5_CPC_p2_310",16.8170346521558,16.7135077776785
"E9.5_CPC_p2_341",36.5026736227209,13.7207311537395
"E9.5_CPC_p2_107",23.7320945265783,16.3269541842982
"E9.5_CPC_p2_239",-1.46472787282848,-0.0918486729196454
"E9.5_CPC_p2_019",-0.203555089654835,-0.819233011325716
"E9.5_CPC_p2_313",-21.517612345208,-22.1385320643647
"E9.5_CPC_p2_165",2.90085171066789,23.6038727686323
"E9.5_CPC_p2_287",-13.1544906664229,2.97061675247104
"E9.5_CPC_p2_050",-11.7609299574816,2.96062361539133
"E9.5_CPC_p2_308",-4.38535342247923,-0.613214550649133
"E9.5_CPC_p2_130",43.9765168371281,3.78374942098601
"E9.5_CPC_p2_185",-6.75465359257857,5.64825594762722
"E9.5_CPC_p2_134",-31.2909105576575,-5.39092416087607
"E9.5_CPC_p2_078",40.2660223805677,6.2560454378214
"E9.5_CPC_p2_336",36.9812840809409,12.3442648296005
"E9.5_CPC_p2_367",-9.73985535438922,13.5802501959278
"E9.5_CPC_p2_317",36.9149848380124,13.044073582043
"E9.5_CPC_p2_339",-29.2395432446572,-13.9764407778859
"E9.5_CPC_p2_371",37.4981929100963,5.36614044849373
"E9.5_CPC_p2_040",-16.9611920787112,-7.96556455431695
"E9.5_CPC_p2_088",37.980873423358,6.72710432754572
"E9.5_CPC_p2_085",-10.2944649158877,-39.3016192615336
"E9.5_CPC_p2_007",-28.4718895687034,-14.157817668108
"E9.5_CPC_p2_175",-17.4756225322045,-31.642544252141
"E9.5_CPC_p2_369",29.3266786268314,17.263525791672
"E9.5_CPC_p2_032",-16.3866949426144,19.763241115719
"E9.5_CPC_p2_213",-18.3907445647947,-25.9891321320825
"E9.5_CPC_p2_066",39.2692365510081,5.65101311188931
"E9.5_CPC_p2_169",19.6433261768606,16.6366090505998
"E9.5_CPC_p2_151",-9.675058825117,22.7905400438592
"E9.5_CPC_p2_028",31.8442841253658,19.9943545518928
"E9.5_CPC_p2_125",48.4981724205804,5.34994309488253
"E9.5_CPC_p2_294",19.8592868237748,27.4649455439838
"E9.5_CPC_p2_128",47.725319633088,2.66422539364858
"E9.5_CPC_p2_145",-29.1640407454177,-12.9437934460971
"E9.5_CPC_p2_057",40.2677296323079,7.0434187009915
"E9.5_CPC_p2_024",43.5961714193339,9.61297204772188
"E9.5_CPC_p2_375",-14.8802352566605,-29.582397583067
"E9.5_CPC_p2_220",2.69735449102432,22.4310914867291
"E9.5_CPC_p2_380",-30.7185254305871,-6.8425948740651
"E9.5_CPC_p2_006",21.7226896602362,17.0187323659454
"E9.5_CPC_p2_005",44.9269027319133,2.97135020156119
"E9.5_CPC_p2_302",24.1375064669359,11.7894025976854
"E9.5_CPC_p2_225",-9.39744934009027,2.22487684291781
"E9.5_CPC_p2_053",-8.320053055381,-6.719521142132
"E9.5_CPC_p2_222",22.3019363522279,22.9323274950167
"E9.5_CPC_p2_198",-25.4470637426365,-21.3294984136138
"E9.5_CPC_p2_219",-13.211742027951,13.3151793812221
"E9.5_CPC_p2_033",-10.8421427794206,20.6392281333225
"E9.5_CPC_p2_075",-12.382381377636,-4.23081676229991
"E9.5_CPC_p2_126",42.8408759344401,5.75202376130208
"E9.5_CPC_p2_249",43.4447120422889,7.75339812668616
"E9.5_CPC_p2_352",-9.56365146649586,12.2492722001197
"E9.5_CPC_p2_055",-13.1991629380749,14.3404284336396
"E9.5_CPC_p2_329",-31.840003753546,-4.45672603799685
"E9.5_CPC_p2_097",-22.3255094858739,-13.8109779474525
"E9.5_CPC_p2_279",-17.026592218931,-24.3795134308167
"E9.5_CPC_p2_124",-17.6004266090618,-27.1217140571834
"E9.5_CPC_p2_266",-11.7419510752521,0.507252522987536
"E9.5_CPC_p2_003",-19.9285565042548,-15.8564157909122
"E9.5_CPC_p2_106",-14.9266423257407,7.37065306548522
"E9.5_CPC_p2_364",40.810013337738,4.5598775757848
"E9.5_CPC_p2_196",-19.1491507437924,-15.9117322464757
"E9.5_CPC_p2_014",-7.81781877584087,-35.3397186129382
"E9.5_CPC_p2_149",-15.2175996207989,21.9206517767485
"E9.5_CPC_p2_322",-22.7381134372832,-23.4369369967995
"E9.5_CPC_p2_277",-11.8745565410867,7.82542067443922
"E9.5_CPC_p2_194",-14.1079235973076,12.5883228894983
"E9.5_CPC_p2_042",-20.0757920160639,12.5746630084089
"E9.5_CPC_p2_164",39.7055044682909,4.67900188414386
"E9.5_CPC_p2_268",-7.8122119970606,8.92732221233416
"E9.5_CPC_p2_258",-0.730861736675622,-1.97217547230267
"E9.5_CPC_p2_272",-9.33973966783384,-6.59869302577837
"E9.5_CPC_p2_383",-43.5286557579327,-7.5059076736368
"E9.5_CPC_p2_218",-20.4509855896132,16.7011941578988
"E9.5_CPC_p2_373",-35.3935463357554,-6.22177658102061
"E9.5_CPC_p2_072",29.1904689418965,27.3948366344133
"E9.5_CPC_p2_304",38.2127631444732,3.19728850621815
"E9.5_CPC_p2_372",-13.0934592134687,6.7001121313154
"E9.5_CPC_p2_092",-26.2211713528602,-4.3286901486425
"E9.5_CPC_p2_354",-6.02028798012103,-27.052243770238
"E9.5_CPC_p2_356",-33.3190048973278,-8.78747311949163
"E9.5_CPC_p2_267",40.374801416952,8.46363358560546
"E9.5_CPC_p2_236",24.4374037290972,19.9255579424612
"E9.5_CPC_p2_251",-16.354319067468,-12.435090228253
"E9.5_CPC_p2_361",-2.6868312882795,-21.1578863898953
"E9.5_CPC_p2_094",-11.9992229884532,13.8226995688927
"E9.5_CPC_p2_069",-26.9149481761117,-15.7656725284131
"E9.5_CPC_p2_357",-17.2930187265563,14.3110941715236
"E9.5_CPC_p2_324",-14.0531054667214,23.0391436387247
"E9.5_CPC_p2_062",-19.1899711430544,5.66123274071025
"E9.5_CPC_p2_328",-1.25995387761195,-2.0258773876115
"E9.5_CPC_p2_276",-1.26150059871696,-36.1473497803063
"E9.5_CPC_p2_017",-5.77556236104303,8.92141401468002
"E9.5_CPC_p2_237",-12.5367541582258,-26.6802073553916
"E9.5_CPC_p2_080",40.8947594531697,8.09963269973824
"E9.5_CPC_p2_275",-2.59905362596887,-33.790880506856
"E9.5_CPC_p2_144",24.819951928463,17.4467412026422
"E9.5_CPC_p2_148",0.58631119784875,20.4653580057794
"E9.5_CPC_p2_190",-5.48306793719918,-33.0946025707702
"E9.5_CPC_p2_049",-11.4540013092452,1.86841218415772
"E9.5_CPC_p2_174",-17.7341216735622,-12.3923453423935
"E9.5_CPC_p2_209",-9.01222345611545,5.18233441631412
"E9.5_CPC_p2_173",23.3520872188599,23.622695709792
"E9.5_CPC_p2_131",-18.4796167924238,16.5423737872241
"E9.5_CPC_p2_086",-19.6348815493435,-30.1329679148572
"E9.5_CPC_p2_113",-14.3854123787283,20.0221991974272
"E9.5_CPC_p2_018",30.0536334402099,22.8678957988444
"E9.5_CPC_p2_259",45.5328896310167,7.0879368403493
"E9.5_CPC_p2_195",-8.86302350815041,13.7337286439219
"E9.5_CPC_p2_346",31.6191951603806,18.1703805267311
"E9.5_CPC_p2_161",-7.30131705424316,-21.3758906157748
"E9.5_CPC_p2_229",-30.392429525821,-5.95720447019173
"E9.5_CPC_p2_349",-26.7175726396164,-12.1525793916098
"E9.5_CPC_p2_114",-22.6190946786036,-20.0658095246351
"E9.5_CPC_p2_034",-12.9610172137433,-2.63721248318971
"E9.5_CPC_p2_009",-7.03504302960195,-29.6345935494455
"E9.5_CPC_p2_118",36.0106159044322,3.27664371341202
"E9.5_CPC_p2_192",-16.6564211576777,8.10234243228644
"E9.5_CPC_p2_240",-12.4963290814544,18.2466644473236
"E9.5_CPC_p2_061",-16.2787783296554,-15.3715566011571
"E9.5_CPC_p2_093",29.1871552077484,19.8172271920339
"E9.5_CPC_p2_226",21.9419409992116,14.7116871929786
"E9.5_CPC_p2_358",40.5251059946312,9.57263327634119
"E9.5_CPC_p2_105",-21.5567553711189,9.27179382218301
"E9.5_CPC_p2_090",39.6791226213169,7.80971390800677
"E9.5_CPC_p2_370",12.6886885506728,18.2752368801112
"E9.5_CPC_p2_109",-5.89492976983644,17.4295085177742
"E9.5_CPC_p2_306",-10.6613602836094,5.41873303974874
"E9.5_CPC_p2_206",23.1111465689628,14.0153834141298
"E9.5_CPC_p2_298",-4.74896755147425,-30.3797917495056
"E9.5_CPC_p2_137",-10.9751146733475,-22.0725045264019
"E9.5_CPC_p2_127",-4.46719705625112,11.3924169887458
"E9.5_CPC_p2_343",-40.7909764423585,-9.86756297237586
"E9.5_CPC_p2_162",-17.9796197239636,11.7992164483053
"E9.5_CPC_p2_366",-22.1280512877357,-21.3577552209618
"E9.5_CPC_p2_021",-18.4333437476519,-35.459420960856
"E9.5_CPC_p2_101",-18.8766944583182,7.79198894239209
"E9.5_CPC_p2_245",39.2793364761396,11.8520289028118
"E9.5_CPC_p2_079",-17.5550318980671,-11.5550251239331
"E9.5_CPC_p2_244",-40.9411372160515,-8.7002522438184
"E9.5_CPC_p2_022",-3.50707110290516,-40.33566583877
"E9.5_CPC_p2_183",-5.86587020982859,-34.2708723460244
"E9.5_CPC_p2_335",0.849842757549788,-2.33362675492655
"E9.5_CPC_p2_376",-17.7934109412614,-17.2374239227766
"E9.5_CPC_p2_264",44.2125248572114,6.15510014390614
"E9.5_CPC_p2_382",-18.038080374715,16.1395794593212
"E9.5_CPC_p2_300",-23.1633788093329,-11.5977025242541
"E9.5_CPC_p2_307",-13.0033342634941,-2.12462636537109
"E9.5_CPC_p2_232",-30.4725448184682,-7.59300496478619
"E9.5_CPC_p2_333",-33.4256305054633,-3.21022827883791
"E9.5_CPC_p2_036",-15.348054131188,17.7214605474867
"E9.5_CPC_p2_084",-34.7665160272176,-4.73238903498799
"E9.5_CPC_p2_211",24.1094232729394,20.7252652731477
"E9.5_CPC_p2_044",22.232451793834,24.1792758614067
"E9.5_CPC_p2_030",-10.7314905493529,-24.3182914956848
"E9.5_CPC_p2_252",-33.9080641728723,-2.85909524656212
"E9.5_CPC_p2_037",-7.4444561512352,-34.1728931539383
"E9.5_CPC_p2_070",-1.19798530542325,-25.776647267968
"E9.5_CPC_p2_143",-15.1542973272963,-11.8776211971831
"E9.5_CPC_p2_305",-7.64433505227137,-30.294069593344
"E9.5_CPC_p2_214",33.9361170561091,20.2950505310127
"E9.5_CPC_p2_299",-8.41431543748029,14.626062833653
"E9.5_CPC_p2_256",-7.51528993746138,17.2442418957174
"E9.5_CPC_p2_270",-20.9428766767786,-13.9215410627717
"E9.5_CPC_p2_233",46.9808512065417,3.67602148568031
"E9.5_CPC_p2_284",20.1320992138809,9.96886407408018
"E9.5_CPC_p2_263",18.725839004139,17.154390122971
"E9.5_CPC_p2_377",27.0959955107395,24.9065649849467
"E9.5_CPC_p2_253",46.0389149242458,1.21047374818277
"E9.5_CPC_p2_217",13.840886836572,19.2575630144406
"E9.5_CPC_p2_140",28.4940705698286,25.2884346986633
"E9.5_CPC_p2_296",-13.9872273845033,-6.6478005534296
"E9.5_CPC_p2_027",-6.46846080525621,3.63683470473411
"E9.5_CPC_p2_295",-23.7533572769824,-12.2874425013352
"E9.5_CPC_p2_381",-43.0466653196815,-8.13545703905834
"E9.5_CPC_p2_159",-24.9522863164422,-16.718686897642
"E9.5_CPC_p2_054",-10.3108722067224,17.332274310732
"E9.5_CPC_p2_065",-4.83804518775731,-0.706589965937266
"E9.5_CPC_p2_255",11.4984714001664,22.100650621899
"E9.5_CPC_p2_257",-19.001504426523,20.5287175573158
"E9.5_CPC_p2_334",44.4849571520899,8.67262397499286
"E9.5_CPC_p2_104",22.9645259785549,20.9840988716584
"E9.5_CPC_p2_314",31.3482900012367,25.4141596637657
"E9.5_CPC_p2_189",-41.1615116482598,-7.87561077333435
"E9.5_CPC_p2_098",-16.1659114403166,23.5587229768402
"E9.5_CPC_p2_241",21.0788015973221,14.1828786569294
"E9.5_CPC_p2_216",25.0603216684503,16.1535258241348
"E9.5_CPC_p2_102",23.7015604114734,22.4728904969127
"E9.5_CPC_p2_071",-4.09698456711889,-19.5398417668728
"E9.5_CPC_p2_180",7.19327163206048,19.0849354277826
"E9.5_CPC_p2_321",38.6439490644584,9.02431624449684
"E9.5_CPC_p2_163",-20.4272010468239,-23.2896065043125
"E9.5_CPC_p2_288",-8.3241209016363,12.959250202501
"E9.5_CPC_p2_262",-10.1751753033927,4.96232464242969
"E9.5_CPC_p2_129",13.6819742876433,19.0163433645581
"E9.5_CPC_p2_293",-43.4372903268263,-8.65786482172444
"E9.5_CPC_p2_142",43.4223764187387,8.45610095982557
"E9.5_CPC_p2_117",-2.86422063251416,-29.9002763637249
"E9.5_CPC_p2_011",-8.47068201006613,22.1954272975433
"E9.5_CPC_p2_008",45.8362672302403,3.74363895174325
"E9.5_CPC_p2_246",28.3176195529845,19.6486558570529
"E9.5_CPC_p2_133",28.1576315259912,14.1126307064179
"E9.5_CPC_p2_043",-19.2339771614727,-8.99455664659321
"E9.5_CPC_p2_016",-8.48082947324092,-23.6410625831177
"E9.5_CPC_p2_060",25.4508199074798,24.38256440552
"E9.5_CPC_p2_337",-21.314829757656,-20.4463021449047
"E9.5_CPC_p2_116",-4.56018500053975,-38.550178259419
"E9.5_CPC_p2_344",28.2883070829663,22.7023356550605
"E9.5_CPC_p2_103",-18.0540997492609,8.06378652347956
"E9.5_CPC_p2_379",-16.6541398046475,20.5155996790804
"E9.5_CPC_p2_001",12.5852875692225,17.5311479034347
"E9.5_CPC_p2_215",-24.4092519873383,-13.7488270530188
"E9.5_CPC_p2_315",-21.9710122241947,11.0732681465169
"E9.5_CPC_p2_254",-27.6336178724163,-14.5994023900416
"E9.5_CPC_p2_132",36.8937414485773,3.83908135551433
"E9.5_CPC_p2_291",-30.1883511444916,-2.55911849518418
"E9.5_CPC_p2_286",-12.4744126260404,6.79891303196541
"E9.5_CPC_p2_202",38.2009711888478,7.18570890882046
"E9.5_CPC_p2_186",-41.8507009384833,-8.5020609179478
"E9.5_CPC_p2_095",-16.1291473262943,16.1938204636052
"E9.5_CPC_p2_316",-10.650189403383,2.85007195652106
"E9.5_CPC_p2_228",-12.7337323414585,21.7188063791081
"E9.5_CPC_p2_338",38.326851285591,11.63989757927
"E9.5_CPC_p2_119",30.8769620512458,20.2846346796806
"E9.5_CPC_p2_077",-20.0232596255157,14.4471002202041
"E9.5_CPC_p2_273",22.1358369616633,25.2539896683849
"E9.5_CPC_p2_181",39.1301936723369,3.91784964244254
"E9.5_CPC_p2_274",26.5244450322438,26.4782933976063
"E9.5_CPC_p2_168",24.3496084417896,30.4278470918665
"E9.5_CPC_p2_283",-3.57694126411508,-31.0051894543809
"E9.5_CPC_p2_199",-11.2555949152758,7.54999650455174
"E9.5_CPC_p2_091",22.9868979103428,19.33944629958
"E9.5_CPC_p2_155",42.2923527835657,4.82424012468553
"E9.5_CPC_p2_247",-19.6619558578377,9.54302528626262
"E9.5_CPC_p2_203",39.3471306772135,7.23481235503273
"E9.5_CPC_p2_365",-21.3383976681281,-18.0521892902329
"E9.5_CPC_p2_350",-14.9867808563392,20.678525661426
"E9.5_CPC_p2_073",29.8066676862431,17.0109453285345
"E9.5_CPC_p2_242",-6.87931304497648,-25.6035821132205
"E9.5_CPC_p2_289",29.642446615905,16.2541818171907
"E9.5_CPC_p2_146",-1.92609707219882,-34.7895741756601
"E9.5_CPC_p2_297",-9.76656086827868,-34.0985568194484
"E9.5_CPC_p2_020",42.3841810341277,7.27158544927503
"E9.5_CPC_p2_068",-21.532305574196,4.84535874984616
"E9.5_CPC_p2_039",17.0838557831567,17.4816518209293
"E9.5_CPC_p2_152",22.114788883342,13.4999532846843
"E9.5_CPC_p2_359",-8.23768762325229,-27.2333784348544
"E9.5_CPC_p2_248",-17.0118703014584,17.8712070197429
"E9.5_CPC_p2_172",-13.5175949865841,-5.70427686305281
"E9.5_CPC_p2_200",-15.326644486586,-31.0976485377847
"E9.5_CPC_p2_154",32.9890493926896,19.5054237793771
"E9.5_CPC_p2_326",-34.0137288275958,-4.73247060925629
"E9.5_CPC_p2_188",20.1965471664666,9.88543803282959
"E9.5_CPC_p2_056",-41.7538145153758,-7.82476181237908
"E9.5_CPC_p2_029",36.8996619210056,6.05089460651931
"E9.5_CPC_p2_026",41.6705238213385,8.78194737006035
"E9.5_CPC_p2_351",-19.8836238091894,-17.1122144976344
"E9.5_CPC_p2_013",-17.0536165274725,-12.7608755785306
"E9.5_CPC_p2_221",48.3065188155218,1.50384189121155
"E9.5_CPC_p2_187",28.81892084128,15.9422142381606
"E9.5_CPC_p2_023",40.9232765867149,5.14371356309488
"E9.5_CPC_p2_235",-10.7999561486497,-6.8413267993698
"E9.5_CPC_p2_230",0.193998205584911,-32.0498956537331
"E9.5_CPC_p2_111",-14.9395525578838,14.1078459378631
"E9.5_CPC_p2_332",-11.8320166391965,-29.8537433381481
"E9.5_CPC_p2_139",-23.6165161651834,-9.41149982603407
"E9.5_CPC_p2_285",20.2640131186998,19.7395527638257
"E9.5_CPC_p2_282",-16.4755581870526,17.4462082350725
"E9.5_CPC_p2_290",-17.3866844215788,-15.984191476711
"E9.5_CPC_p2_325",-42.3312503204598,-9.02186488532489
"E9.5_CPC_p2_348",-13.6619084889825,-22.1855446398032
"E9.5_CPC_p2_234",46.9789464274194,4.06861021013758
"E9.5_CPC_p2_281",-41.6099202693297,-9.44917494662368
"E9.5_CPC_p2_269",-42.4310167057384,-8.0559009640675
"E9.5_CPC_p2_100",21.8058184620408,12.5539634089352
"E9.5_CPC_p2_312",-4.20007123019484,-32.8524172689331
"E9.5_CPC_p2_121",-7.77797755633,1.09224559109408
"E9.5_CPC_p2_112",-14.3106366761623,24.9894575495725
"E9.5_CPC_p2_138",41.584428550213,6.96873255470036
"E9.5_CPC_p2_096",-30.5331542043793,-13.4845014762247
"E9.5_CPC_p2_278",-7.34252859834215,-38.7189191315272
"E9.5_CPC_p2_177",-14.587119747451,8.85448038955657
"E9.5_CPC_p2_089",-41.2590863264111,-7.01143652704775
"E9.5_CPC_p2_320",39.2133613261631,6.15084594497371
"E9.5_CPC_p2_031",12.5376875627348,20.3372287938029
"E9.5_CPC_p2_166",-26.734095785264,-9.77735316586787
"E9.5_CPC_p2_330",-27.1642871669994,-2.88105328553124
"E9.5_CPC_p2_170",26.145858921709,14.9092864519587
"E9.5_CPC_p2_120",-9.40942285554615,9.37276319350001
"E9.5_CPC_p2_038",-43.6062642720131,-9.41257116808589
"E9.5_CPC_p2_179",-4.81874141455754,-33.7555758772017
"E9.5_CPC_p2_208",38.4647015860706,5.61242491319368
"E9.5_CPC_p2_327",24.1437388680548,19.418828012323
"E9.5_CPC_p2_342",11.7309641460678,20.5538563301406
"E9.5_CPC_p2_309",-11.3162821748635,4.13038480291081
"E9.5_CPC_p2_318",-0.407807667351758,-38.4234061143282
"E9.5_CPC_p2_046",-1.8356887512077,-29.418613618142
"E9.5_CPC_p2_059",-10.6722915260618,9.7534392412752
"E9.5_CPC_p2_108",-6.10800128753755,-31.3914643424963
"E9.5_CPC_p2_035",30.13275420426,19.3862843001536
"E9.5_CPC_p2_231",-8.58685200552895,-38.057766898896
"E9.5_CPC_p2_025",25.8626886987791,20.2047159421599
"E9.5_CPC_p2_265",-16.4964567037324,-20.7511805099611
"E9.5_CPC_p2_048",43.6147092476121,1.62248774720568
"E9.5_CPC_p2_374",-4.80195079174514,13.9335119744928
"E9.5_CPC_p2_010",-18.7958223959686,-21.1585162542104
"E9.5_CPC_p2_045",-13.9911600662015,-25.8948215844045
"E9.5_CPC_p2_064",-2.24810941611435,-22.7498707104152
"E9.5_CPC_p2_331",9.31936336941988,19.003284016166
"E9.5_CPC_p2_204",46.9787099689696,5.07296411751682
"E9.5_CPC_p2_150",33.0787762408064,7.39737955265466
"E9.5_CPC_p2_197",46.4975633255602,3.16801293337906
"E9.5_CPC_p2_271",35.4288899732823,4.18312122022946
"E9.5_CPC_p2_158",-20.5920981075503,9.3266706146481
"E9.5_CPC_p2_041",-15.6599987835544,9.13870390435733
"E9.5_CPC_p2_260",36.9364621001063,9.27531967379872
"E9.5_CPC_p2_063",-2.57547966082535,-0.244517340775085
"E9.5_CPC_p2_081",-10.6709282938838,18.9154452524788
"E9.5_CPC_p2_210",-17.2185501360474,-8.3525267419449
"E9.5_CPC_p2_122",-0.928693354952996,-22.8124103289179
